{
  "cosmic": {
    "description": "Deep space, stellar themes with vibrant accents",
    "palette": {
      "primary": "#06b6d4",
      "secondary": "#8b5cf6",
      "accent": "#ec4899",
      "background": "#0a0e1a",
      "surface": "#131827",
      "text": "#f1f5f9"
    },
    "typography": {
      "heading": "Space Grotesk",
      "body": "Space Grotesk",
      "code": "JetBrains Mono"
    },
    "motion": "float",
    "effects": ["glow", "blur", "gradient"],
    "tone": "futuristic"
  },
  "serene": {
    "description": "Calm, soft pastels, oceanic and peaceful",
    "palette": {
      "primary": "#60a5fa",
      "secondary": "#a5b4fc",
      "accent": "#c7d2fe",
      "background": "#f0f9ff",
      "surface": "#e0f2fe",
      "text": "#0c4a6e"
    },
    "typography": {
      "heading": "Inter",
      "body": "Inter",
      "code": "Fira Code"
    },
    "motion": "soft",
    "effects": ["blur", "fade"],
    "tone": "calming"
  },
  "futuristic": {
    "description": "Tech-forward, innovative, high-contrast",
    "palette": {
      "primary": "#10b981",
      "secondary": "#06b6d4",
      "accent": "#f59e0b",
      "background": "#0f172a",
      "surface": "#1e293b",
      "text": "#f1f5f9"
    },
    "typography": {
      "heading": "Orbitron",
      "body": "Rajdhani",
      "code": "Roboto Mono"
    },
    "motion": "snap",
    "effects": ["glow", "sharp-shadow", "scan-line"],
    "tone": "tech"
  },
  "minimal": {
    "description": "Clean, focused, distraction-free",
    "palette": {
      "primary": "#0f172a",
      "secondary": "#64748b",
      "accent": "#94a3b8",
      "background": "#ffffff",
      "surface": "#f8fafc",
      "text": "#0f172a"
    },
    "typography": {
      "heading": "IBM Plex Sans",
      "body": "IBM Plex Sans",
      "code": "IBM Plex Mono"
    },
    "motion": "linear",
    "effects": ["border"],
    "tone": "professional"
  },
  "neon": {
    "description": "Vibrant, electric, nightlife aesthetics",
    "palette": {
      "primary": "#ff00ff",
      "secondary": "#00ffff",
      "accent": "#ffff00",
      "background": "#000000",
      "surface": "#1a1a2e",
      "text": "#ffffff"
    },
    "typography": {
      "heading": "Exo 2",
      "body": "Exo 2",
      "code": "Source Code Pro"
    },
    "motion": "pulse",
    "effects": ["neon-glow", "flicker"],
    "tone": "energetic"
  },
  "earth": {
    "description": "Natural, warm, organic tones",
    "palette": {
      "primary": "#92400e",
      "secondary": "#78350f",
      "accent": "#a16207",
      "background": "#fefce8",
      "surface": "#fef3c7",
      "text": "#451a03"
    },
    "typography": {
      "heading": "Merriweather",
      "body": "Lora",
      "code": "Courier Prime"
    },
    "motion": "ease",
    "effects": ["texture", "shadow"],
    "tone": "warm"
  },
  "professional": {
    "description": "Corporate, trustworthy, refined",
    "palette": {
      "primary": "#1e40af",
      "secondary": "#1e3a8a",
      "accent": "#3b82f6",
      "background": "#f9fafb",
      "surface": "#ffffff",
      "text": "#111827"
    },
    "typography": {
      "heading": "Open Sans",
      "body": "Open Sans",
      "code": "Consolas"
    },
    "motion": "smooth",
    "effects": ["border", "subtle-shadow"],
    "tone": "business"
  }
}
